instant,dteday,season,yr,mnth,holiday,weekday,workingday,weathersit,temp,atemp,hum,windspeed,casual,registered,cnt
6,2011-01-06,Spring,0,1,0,4,1,1,0.24,0.2576,0.75,0.0896,88,1518,1606
12,2011-01-12,Spring,0,1,0,3,1,1,0.36,0.3333,0.81,0.2836,25,1137,1162
35,2011-02-04,Spring,0,2,0,5,1,2,0.36,0.3333,0.71,0.2537,88,1620,1708
36,2011-02-05,Spring,0,2,0,6,0,2,0.36,0.3333,0.66,0.2985,100,905,1005
39,2011-02-08,Spring,0,2,0,2,1,1,0.34,0.3333,0.81,0.1642,64,1466,1530
40,2011-02-09,Spring,0,2,0,3,1,2,0.34,0.3333,0.71,0.1642,53,1552,1605
41,2011-02-10,Spring,0,2,0,4,1,1,0.34,0.3333,0.57,0.194,47,1491,1538
42,2011-02-11,Spring,0,2,0,5,1,1,0.36,0.3333,0.46,0.3284,149,1597,1746
43,2011-02-12,Spring,0,2,0,6,0,1,0.32,0.2879,0.42,0.4478,288,1184,1472
44,2011-02-13,Spring,0,2,0,0,0,1,0.3,0.2727,0.39,0.3582,397,1192,1589
45,2011-02-14,Spring,0,2,0,1,1,1,0.26,0.2273,0.44,0.3284,208,1705,1913
46,2011-02-15,Spring,0,2,0,2,1,1,0.24,0.2121,0.44,0.2985,140,1675,1815
47,2011-02-16,Spring,0,2,0,3,1,1,0.22,0.2273,0.47,0.1642,218,1897,2115
48,2011-02-17,Spring,0,2,0,4,1,1,0.22,0.197,0.44,0.3582,259,2216,2475
49,2011-02-18,Spring,0,2,0,5,1,1,0.2,0.1667,0.44,0.4179,579,2348,2927
50,2011-02-19,Spring,0,2,0,6,0,1,0.16,0.1364,0.47,0.3881,532,1103,1635
51,2011-02-20,Spring,0,2,0,0,0,1,0.16,0.1364,0.47,0.2836,639,1173,1812
52,2011-02-21,Spring,0,2,1,1,0,2,0.14,0.1061,0.5,0.3881,195,912,1107
53,2011-02-22,Spring,0,2,0,2,1,1,0.14,0.1364,0.5,0.194,74,1376,1450
54,2011-02-23,Spring,0,2,0,3,1,1,0.14,0.1212,0.5,0.2836,139,1778,1917
55,2011-02-24,Spring,0,2,0,4,1,2,0.16,0.1364,0.43,0.3881,100,1707,1807
56,2011-02-25,Spring,0,2,0,5,1,2,0.18,0.1667,0.43,0.2537,120,1341,1461
57,2011-02-26,Spring,0,2,0,6,0,1,0.2,0.1818,0.4,0.3284,424,1545,1969
58,2011-02-27,Spring,0,2,0,0,0,1,0.22,0.2121,0.35,0.2985,694,1708,2402
59,2011-02-28,Spring,0,2,0,1,1,2,0.24,0.2121,0.35,0.2836,81,1365,1446
60,2011-03-01,Spring,0,3,0,2,1,1,0.26,0.2424,0.3,0.2836,137,1714,1851
61,2011-03-02,Spring,0,3,0,3,1,1,0.26,0.2424,0.3,0.2537,231,1903,2134
62,2011-03-03,Spring,0,3,0,4,1,1,0.26,0.2424,0.3,0.2537,123,1562,1685
63,2011-03-04,Spring,0,3,0,5,1,2,0.24,0.2273,0.3,0.2239,214,1730,1944
64,2011-03-05,Spring,0,3,0,6,0,2,0.24,0.2576,0.32,0.1045,640,1437,2077
66,2011-03-07,Spring,0,3,0,1,1,1,0.2,0.2273,0.47,0.1045,244,1628,1872
67,2011-03-08,Spring,0,3,0,2,1,1,0.18,0.197,0.64,0.1343,316,1817,2133
68,2011-03-09,Spring,0,3,0,3,1,2,0.14,0.1515,0.69,0.1343,191,1700,1891
69,2011-03-10,Spring,0,3,0,4,1,3,0.18,0.2121,0.55,0.1045,46,577,623
70,2011-03-11,Spring,0,3,0,5,1,2,0.16,0.1818,0.55,0.1045,247,1730,1977
71,2011-03-12,Spring,0,3,0,6,0,1,0.16,0.1818,0.59,0.1045,724,1408,2132
72,2011-03-13,Spring,0,3,0,0,0,1,0.14,0.1515,0.63,0.1343,982,1435,2417
73,2011-03-14,Spring,0,3,0,1,1,1,0.14,0.1818,0.63,0.0896,359,1687,2046
74,2011-03-15,Spring,0,3,0,2,1,2,0.12,0.1515,0.68,0.1045,289,1767,2056
75,2011-03-16,Spring,0,3,0,3,1,2,0.12,0.1515,0.74,0.1045,321,1871,2192
76,2011-03-17,Spring,0,3,0,4,1,1,0.12,0.1515,0.74,0.1343,424,2320,2744
77,2011-03-18,Spring,0,3,0,5,1,1,0.14,0.1515,0.69,0.1642,884,2355,3239
78,2011-03-19,Spring,0,3,0,6,0,1,0.16,0.1515,0.64,0.2239,1424,1693,3117
79,2011-03-20,Spring,0,3,0,0,0,1,0.16,0.1364,0.69,0.3284,1047,1424,2471
80,2011-03-21,Summer,0,3,0,1,1,2,0.22,0.2121,0.51,0.2985,401,1676,2077
81,2011-03-22,Summer,0,3,0,2,1,1,0.22,0.2273,0.51,0.1642,460,2243,2703
82,2011-03-23,Summer,0,3,0,3,1,2,0.24,0.2273,0.56,0.194,203,1918,2121
83,2011-03-24,Summer,0,3,0,4,1,2,0.26,0.2576,0.52,0.2239,166,1699,1865
84,2011-03-25,Summer,0,3,0,5,1,1,0.28,0.2727,0.52,0.2537,300,1910,2210
85,2011-03-26,Summer,0,3,0,6,0,1,0.3,0.2879,0.49,0.2537,981,1515,2496
86,2011-03-27,Summer,0,3,0,0,0,2,0.28,0.2727,0.48,0.2239,472,1221,1693
87,2011-03-28,Summer,0,3,0,1,1,1,0.26,0.2576,0.48,0.194,222,1806,2028
88,2011-03-29,Summer,0,3,0,2,1,1,0.24,0.2576,0.48,0.1045,317,2108,2425
89,2011-03-30,Summer,0,3,0,3,1,2,0.24,0.2576,0.48,0.1045,168,1368,1536
91,2011-04-01,Summer,0,4,0,5,1,2,0.22,0.2576,0.64,0.0896,307,1920,2227
92,2011-04-02,Summer,0,4,0,6,0,2,0.2,0.2273,0.69,0.0896,898,1354,2252
94,2011-04-04,Summer,0,4,0,1,1,1,0.16,0.197,0.74,0.0896,734,2381,3115
95,2011-04-05,Summer,0,4,0,2,1,2,0.16,0.197,0.74,0.0896,167,1628,1795
96,2011-04-06,Summer,0,4,0,3,1,1,0.24,0.2273,0.48,0.2239,413,2395,2808
97,2011-04-07,Summer,0,4,0,4,1,1,0.22,0.2273,0.47,0.1642,571,2570,3141
98,2011-04-08,Summer,0,4,0,5,1,2,0.2,0.197,0.47,0.2239,172,1299,1471
99,2011-04-09,Summer,0,4,0,6,0,2,0.18,0.1818,0.43,0.194,879,1576,2455
100,2011-04-10,Summer,0,4,0,0,0,2,0.2,0.1818,0.4,0.2985,1188,1707,2895
101,2011-04-11,Summer,0,4,0,1,1,2,0.22,0.197,0.37,0.3284,855,2493,3348
102,2011-04-12,Summer,0,4,0,2,1,2,0.22,0.197,0.37,0.3284,257,1777,2034
103,2011-04-13,Summer,0,4,0,3,1,2,0.26,0.2273,0.33,0.3284,209,1953,2162
104,2011-04-14,Summer,0,4,0,4,1,1,0.26,0.2273,0.33,0.3284,529,2738,3267
105,2011-04-15,Summer,0,4,1,5,0,1,0.28,0.2576,0.3,0.2985,642,2484,3126
106,2011-04-16,Summer,0,4,0,6,0,3,0.3,0.2879,0.28,0.194,121,674,795
107,2011-04-17,Summer,0,4,0,0,0,1,0.3,0.2879,0.28,0.194,1558,2186,3744
108,2011-04-18,Summer,0,4,0,1,1,1,0.3,0.3182,0.28,0.0896,669,2760,3429
109,2011-04-19,Summer,0,4,0,2,1,2,0.24,0.2273,0.38,0.194,409,2795,3204
110,2011-04-20,Summer,0,4,0,3,1,1,0.24,0.2424,0.38,0.1343,613,3331,3944
111,2011-04-21,Summer,0,4,0,4,1,1,0.24,0.2576,0.38,0.1045,745,3444,4189
112,2011-04-22,Summer,0,4,0,5,1,2,0.22,0.2273,0.47,0.1642,177,1506,1683
113,2011-04-23,Summer,0,4,0,6,0,2,0.2,0.197,0.51,0.194,1462,2574,4036
114,2011-04-24,Summer,0,4,0,0,0,2,0.18,0.197,0.55,0.1343,1710,2481,4191
119,2011-04-29,Summer,0,4,0,5,1,1,0.16,0.197,0.64,0.0896,878,3717,4595
120,2011-04-30,Summer,0,4,0,6,0,1,0.14,0.1818,0.69,0.0896,1965,3347,5312
121,2011-05-01,Summer,0,5,0,0,0,2,0.14,0.1667,0.63,0.1045,1138,2213,3351
126,2011-05-06,Summer,0,5,0,5,1,1,0.22,0.2576,0.44,0.0896,894,3714,4608
128,2011-05-08,Summer,0,5,0,0,0,1,0.26,0.2727,0.35,0.1045,1401,2932,4333
129,2011-05-09,Summer,0,5,0,1,1,1,0.28,0.2727,0.36,0.1642,664,3698,4362
131,2011-05-11,Summer,0,5,0,3,1,1,0.26,0.2576,0.38,0.1642,550,3632,4182
132,2011-05-12,Summer,0,5,0,4,1,1,0.22,0.2273,0.51,0.1642,695,4169,4864
133,2011-05-13,Summer,0,5,0,5,1,2,0.22,0.2273,0.51,0.1343,692,3413,4105
134,2011-05-14,Summer,0,5,0,6,0,2,0.22,0.2576,0.55,0.0896,902,2507,3409
135,2011-05-15,Summer,0,5,0,0,0,2,0.2,0.2121,0.51,0.1642,1582,2971,4553
136,2011-05-16,Summer,0,5,0,1,1,1,0.22,0.2121,0.55,0.2239,773,3185,3958
137,2011-05-17,Summer,0,5,0,2,1,2,0.22,0.2121,0.51,0.2836,678,3445,4123
138,2011-05-18,Summer,0,5,0,3,1,2,0.2,0.197,0.59,0.194,536,3319,3855
139,2011-05-19,Summer,0,5,0,4,1,2,0.2,0.197,0.64,0.194,735,3840,4575
140,2011-05-20,Summer,0,5,0,5,1,1,0.2,0.197,0.69,0.2239,909,4008,4917
141,2011-05-21,Summer,0,5,0,6,0,1,0.2,0.197,0.69,0.2239,2258,3547,5805
142,2011-05-22,Summer,0,5,0,0,0,1,0.2,0.2121,0.69,0.1343,1576,3084,4660
145,2011-05-25,Summer,0,5,0,3,1,1,0.2,0.2121,0.69,0.1343,740,4238,4978
146,2011-05-26,Summer,0,5,0,4,1,1,0.2,0.197,0.51,0.2537,758,3919,4677
147,2011-05-27,Summer,0,5,0,5,1,1,0.2,0.1818,0.47,0.2985,871,3808,4679
148,2011-05-28,Summer,0,5,0,6,0,1,0.22,0.197,0.37,0.3284,2001,2757,4758
149,2011-05-29,Summer,0,5,0,0,0,1,0.2,0.197,0.4,0.2239,2355,2433,4788
150,2011-05-30,Summer,0,5,1,1,0,1,0.2,0.197,0.37,0.2537,1549,2549,4098
151,2011-05-31,Summer,0,5,0,2,1,1,0.2,0.1818,0.37,0.2836,673,3309,3982
152,2011-06-01,Summer,0,6,0,3,1,2,0.2,0.197,0.4,0.2537,513,3461,3974
153,2011-06-02,Summer,0,6,0,4,1,1,0.2,0.2121,0.37,0.1642,736,4232,4968
154,2011-06-03,Summer,0,6,0,5,1,1,0.2,0.2121,0.37,0.1642,898,4414,5312
156,2011-06-05,Summer,0,6,0,0,0,2,0.2,0.2273,0.4,0.0896,1685,3221,4906
157,2011-06-06,Summer,0,6,0,1,1,1,0.16,0.197,0.55,0.0896,673,3875,4548
158,2011-06-07,Summer,0,6,0,2,1,1,0.18,0.2121,0.47,0.1045,763,4070,4833
159,2011-06-08,Summer,0,6,0,3,1,1,0.18,0.197,0.47,0.1343,676,3725,4401
160,2011-06-09,Summer,0,6,0,4,1,2,0.18,0.197,0.43,0.1642,563,3352,3915
161,2011-06-10,Summer,0,6,0,5,1,1,0.18,0.197,0.51,0.1642,815,3771,4586
162,2011-06-11,Summer,0,6,0,6,0,1,0.18,0.197,0.51,0.1642,1729,3237,4966
163,2011-06-12,Summer,0,6,0,0,0,1,0.18,0.2121,0.55,0.0896,1467,2993,4460
165,2011-06-14,Summer,0,6,0,2,1,1,0.18,0.197,0.55,0.1642,727,4164,4891
166,2011-06-15,Summer,0,6,0,3,1,1,0.18,0.197,0.55,0.1642,769,4411,5180
167,2011-06-16,Summer,0,6,0,4,1,2,0.16,0.1667,0.74,0.1642,545,3222,3767
168,2011-06-17,Summer,0,6,0,5,1,1,0.16,0.1667,0.74,0.1642,863,3981,4844
169,2011-06-18,Summer,0,6,0,6,0,1,0.16,0.1818,0.74,0.1045,1807,3312,5119
170,2011-06-19,Summer,0,6,0,0,0,2,0.16,0.1818,0.93,0.1045,1639,3105,4744
171,2011-06-20,Summer,0,6,0,1,1,2,0.16,0.1818,0.93,0.1045,699,3311,4010
172,2011-06-21,Fall,0,6,0,2,1,2,0.18,0.197,0.8,0.1642,774,4061,4835
173,2011-06-22,Fall,0,6,0,3,1,1,0.2,0.1818,0.69,0.3881,661,3846,4507
174,2011-06-23,Fall,0,6,0,4,1,2,0.2,0.1818,0.59,0.3582,746,4044,4790
175,2011-06-24,Fall,0,6,0,5,1,1,0.2,0.1818,0.44,0.3284,969,4022,4991
176,2011-06-25,Fall,0,6,0,6,0,1,0.2,0.1667,0.32,0.4925,1782,3420,5202
177,2011-06-26,Fall,0,6,0,0,0,1,0.2,0.1667,0.32,0.4478,1920,3385,5305
178,2011-06-27,Fall,0,6,0,1,1,2,0.18,0.1364,0.29,0.4478,854,3854,4708
180,2011-06-29,Fall,0,6,0,3,1,1,0.14,0.1212,0.39,0.2985,848,4377,5225
181,2011-06-30,Fall,0,6,0,4,1,1,0.14,0.1212,0.36,0.2537,1027,4488,5515
182,2011-07-01,Fall,0,7,0,5,1,1,0.12,0.1212,0.36,0.2537,1246,4116,5362
183,2011-07-02,Fall,0,7,0,6,0,1,0.12,0.1061,0.39,0.3582,2204,2915,5119
184,2011-07-03,Fall,0,7,0,0,0,2,0.12,0.1061,0.36,0.3881,2282,2367,4649
185,2011-07-04,Fall,0,7,1,1,0,2,0.1,0.0606,0.39,0.4478,3065,2978,6043
186,2011-07-05,Fall,0,7,0,2,1,1,0.1,0.0758,0.42,0.3881,1031,3634,4665
187,2011-07-06,Fall,0,7,0,3,1,1,0.1,0.0606,0.42,0.4627,784,3845,4629
188,2011-07-07,Fall,0,7,0,4,1,1,0.1,0.0606,0.46,0.4627,754,3838,4592
189,2011-07-08,Fall,0,7,0,5,1,2,0.1,0.0758,0.46,0.4179,692,3348,4040
190,2011-07-09,Fall,0,7,0,6,0,1,0.08,0.0909,0.53,0.194,1988,3348,5336
191,2011-07-10,Fall,0,7,0,0,0,1,0.08,0.0909,0.53,0.194,1743,3138,4881
192,2011-07-11,Fall,0,7,0,1,1,1,0.1,0.0909,0.49,0.2836,723,3363,4086
193,2011-07-12,Fall,0,7,0,2,1,1,0.08,0.0909,0.53,0.194,662,3596,4258
194,2011-07-13,Fall,0,7,0,3,1,1,0.1,0.0909,0.49,0.2836,748,3594,4342
196,2011-07-15,Fall,0,7,0,5,1,1,0.14,0.1061,0.43,0.3881,1318,4220,5538
198,2011-07-17,Fall,0,7,0,0,0,1,0.18,0.1364,0.37,0.4478,2006,3296,5302
199,2011-07-18,Fall,0,7,0,1,1,1,0.2,0.1667,0.34,0.4478,841,3617,4458
200,2011-07-19,Fall,0,7,0,2,1,1,0.22,0.1818,0.32,0.4627,752,3789,4541
201,2011-07-20,Fall,0,7,0,3,1,1,0.22,0.197,0.35,0.3582,644,3688,4332
202,2011-07-21,Fall,0,7,0,4,1,2,0.2,0.1667,0.34,0.4478,632,3152,3784
203,2011-07-22,Fall,0,7,0,5,1,1,0.18,0.1515,0.37,0.3881,562,2825,3387
204,2011-07-23,Fall,0,7,0,6,0,1,0.16,0.1364,0.4,0.3284,987,2298,3285
205,2011-07-24,Fall,0,7,0,0,0,1,0.16,0.1364,0.43,0.3284,1050,2556,3606
206,2011-07-25,Fall,0,7,0,1,1,1,0.14,0.1212,0.46,0.2537,568,3272,3840
207,2011-07-26,Fall,0,7,0,2,1,1,0.14,0.1061,0.46,0.4179,750,3840,4590
208,2011-07-27,Fall,0,7,0,3,1,1,0.14,0.1212,0.46,0.2985,755,3901,4656
209,2011-07-28,Fall,0,7,0,4,1,1,0.12,0.1364,0.5,0.194,606,3784,4390
210,2011-07-29,Fall,0,7,0,5,1,1,0.12,0.1212,0.5,0.2836,670,3176,3846
211,2011-07-30,Fall,0,7,0,6,0,1,0.12,0.1212,0.5,0.2836,1559,2916,4475
212,2011-07-31,Fall,0,7,0,0,0,1,0.12,0.1212,0.5,0.2239,1524,2778,4302
213,2011-08-01,Fall,0,8,0,1,1,1,0.12,0.1212,0.5,0.2239,729,3537,4266
214,2011-08-02,Fall,0,8,0,2,1,1,0.1,0.1212,0.54,0.1343,801,4044,4845
215,2011-08-03,Fall,0,8,0,3,1,2,0.1,0.1061,0.54,0.2537,467,3107,3574
216,2011-08-04,Fall,0,8,0,4,1,2,0.12,0.1212,0.5,0.2836,799,3777,4576
217,2011-08-05,Fall,0,8,0,5,1,1,0.12,0.1212,0.5,0.2239,1023,3843,4866
218,2011-08-06,Fall,0,8,0,6,0,2,0.12,0.1212,0.5,0.2836,1521,2773,4294
219,2011-08-07,Fall,0,8,0,0,0,1,0.14,0.1212,0.5,0.2537,1298,2487,3785
220,2011-08-08,Fall,0,8,0,1,1,1,0.14,0.1212,0.5,0.2985,846,3480,4326
221,2011-08-09,Fall,0,8,0,2,1,1,0.16,0.1364,0.47,0.2836,907,3695,4602
222,2011-08-10,Fall,0,8,0,3,1,1,0.2,0.1818,0.4,0.2836,884,3896,4780
223,2011-08-11,Fall,0,8,0,4,1,1,0.2,0.1818,0.4,0.2836,812,3980,4792
224,2011-08-12,Fall,0,8,0,5,1,1,0.2,0.197,0.4,0.2239,1051,3854,4905
225,2011-08-13,Fall,0,8,0,6,0,2,0.2,0.197,0.4,0.2239,1504,2646,4150
226,2011-08-14,Fall,0,8,0,0,0,2,0.2,0.2121,0.4,0.1343,1338,2482,3820
227,2011-08-15,Fall,0,8,0,1,1,1,0.2,0.2273,0.4,0.1045,775,3563,4338
228,2011-08-16,Fall,0,8,0,2,1,1,0.2,0.197,0.4,0.2239,721,4004,4725
229,2011-08-17,Fall,0,8,0,3,1,1,0.16,0.1667,0.47,0.1642,668,4026,4694
230,2011-08-18,Fall,0,8,0,4,1,1,0.16,0.1667,0.5,0.1642,639,3166,3805
231,2011-08-19,Fall,0,8,0,5,1,2,0.14,0.1364,0.59,0.194,797,3356,4153
232,2011-08-20,Fall,0,8,0,6,0,1,0.14,0.1515,0.59,0.1642,1914,3277,5191
233,2011-08-21,Fall,0,8,0,0,0,1,0.14,0.1515,0.59,0.1642,1249,2624,3873
234,2011-08-22,Fall,0,8,0,1,1,1,0.14,0.1667,0.59,0.1045,833,3925,4758
235,2011-08-23,Fall,0,8,0,2,1,1,0.14,0.1515,0.59,0.1642,1281,4614,5895
236,2011-08-24,Fall,0,8,0,3,1,1,0.16,0.1515,0.55,0.194,949,4181,5130
237,2011-08-25,Fall,0,8,0,4,1,2,0.16,0.1818,0.55,0.1343,435,3107,3542
238,2011-08-26,Fall,0,8,0,5,1,1,0.16,0.1818,0.55,0.1343,768,3893,4661
240,2011-08-28,Fall,0,8,0,0,0,1,0.18,0.2121,0.51,0.0896,1415,2919,4334
241,2011-08-29,Fall,0,8,0,1,1,1,0.18,0.197,0.51,0.1642,729,3905,4634
242,2011-08-30,Fall,0,8,0,2,1,1,0.2,0.2121,0.51,0.1642,775,4429,5204
243,2011-08-31,Fall,0,8,0,3,1,1,0.2,0.2121,0.47,0.1343,688,4370,5058
244,2011-09-01,Fall,0,9,0,4,1,1,0.2,0.2273,0.51,0.1045,783,4332,5115
245,2011-09-02,Fall,0,9,0,5,1,2,0.2,0.2273,0.59,0.0896,875,3852,4727
246,2011-09-03,Fall,0,9,0,6,0,1,0.2,0.2273,0.59,0.0896,1935,2549,4484
247,2011-09-04,Fall,0,9,0,0,0,1,0.16,0.197,0.8,0.0896,2521,2419,4940
248,2011-09-05,Fall,0,9,1,1,0,2,0.16,0.1515,0.86,0.2239,1236,2115,3351
249,2011-09-06,Fall,0,9,0,2,1,3,0.16,0.1515,0.86,0.2239,204,2506,2710
250,2011-09-07,Fall,0,9,0,3,1,3,0.16,0.1818,0.93,0.1045,118,1878,1996
252,2011-09-09,Fall,0,9,0,5,1,2,0.16,0.1515,0.93,0.194,417,3127,3544
253,2011-09-10,Fall,0,9,0,6,0,1,0.16,0.197,0.86,0.0896,1750,3595,5345
254,2011-09-11,Fall,0,9,0,0,0,1,0.16,0.1818,0.93,0.1045,1633,3413,5046
255,2011-09-12,Fall,0,9,0,1,1,1,0.16,0.197,0.93,0.0896,690,4023,4713
256,2011-09-13,Fall,0,9,0,2,1,1,0.16,0.197,0.86,0.0896,701,4062,4763
257,2011-09-14,Fall,0,9,0,3,1,1,0.16,0.1818,0.86,0.1045,647,4138,4785
258,2011-09-15,Fall,0,9,0,4,1,2,0.14,0.1515,0.86,0.1343,428,3231,3659
259,2011-09-16,Fall,0,9,0,5,1,2,0.14,0.1515,0.86,0.1642,742,4018,4760
260,2011-09-17,Fall,0,9,0,6,0,2,0.12,0.1515,0.93,0.1343,1434,3077,4511
261,2011-09-18,Fall,0,9,0,0,0,1,0.14,0.1515,0.69,0.1343,1353,2921,4274
262,2011-09-19,Fall,0,9,0,1,1,2,0.16,0.1667,0.59,0.1642,691,3848,4539
263,2011-09-20,Fall,0,9,0,2,1,2,0.16,0.1364,0.59,0.3284,438,3203,3641
264,2011-09-21,Fall,0,9,0,3,1,2,0.18,0.1818,0.55,0.2239,539,3813,4352
265,2011-09-22,Fall,0,9,0,4,1,2,0.2,0.1818,0.51,0.3881,555,4240,4795
267,2011-09-24,Winter,0,9,0,6,0,2,0.22,0.197,0.44,0.3582,1776,3647,5423
268,2011-09-25,Winter,0,9,0,0,0,2,0.2,0.1818,0.47,0.3284,1544,3466,5010
269,2011-09-26,Winter,0,9,0,1,1,2,0.2,0.1667,0.47,0.4179,684,3946,4630
270,2011-09-27,Winter,0,9,0,2,1,2,0.22,0.197,0.44,0.3284,477,3643,4120
271,2011-09-28,Winter,0,9,0,3,1,2,0.2,0.1818,0.47,0.3582,480,3427,3907
273,2011-09-30,Winter,0,9,0,5,1,1,0.18,0.1515,0.47,0.4179,830,4372,5202
274,2011-10-01,Winter,0,10,0,6,0,2,0.16,0.1364,0.5,0.3284,480,1949,2429
275,2011-10-02,Winter,0,10,0,0,0,2,0.16,0.1364,0.55,0.3284,616,2302,2918
276,2011-10-03,Winter,0,10,0,1,1,2,0.16,0.1212,0.55,0.4478,330,3240,3570
277,2011-10-04,Winter,0,10,0,2,1,1,0.14,0.1061,0.59,0.4179,486,3970,4456
278,2011-10-05,Winter,0,10,0,3,1,1,0.14,0.1212,0.59,0.2836,559,4267,4826
279,2011-10-06,Winter,0,10,0,4,1,1,0.14,0.1212,0.5,0.2836,639,4126,4765
280,2011-10-07,Winter,0,10,0,5,1,1,0.14,0.1212,0.5,0.3582,949,4036,4985
281,2011-10-08,Winter,0,10,0,6,0,1,0.14,0.1212,0.5,0.3284,2235,3174,5409
282,2011-10-09,Winter,0,10,0,0,0,1,0.14,0.1212,0.5,0.2537,2397,3114,5511
283,2011-10-10,Winter,0,10,1,1,0,1,0.14,0.1212,0.5,0.2985,1514,3603,5117
284,2011-10-11,Winter,0,10,0,2,1,2,0.12,0.1515,0.54,0.1343,667,3896,4563
285,2011-10-12,Winter,0,10,0,3,1,3,0.12,0.1515,0.54,0.1343,217,2199,2416
286,2011-10-13,Winter,0,10,0,4,1,2,0.14,0.1364,0.5,0.194,290,2623,2913
287,2011-10-14,Winter,0,10,0,5,1,2,0.14,0.1212,0.5,0.3284,529,3115,3644
288,2011-10-15,Winter,0,10,0,6,0,1,0.16,0.1364,0.5,0.3582,1899,3318,5217
289,2011-10-16,Winter,0,10,0,0,0,1,0.2,0.1667,0.44,0.4478,1748,3293,5041
290,2011-10-17,Winter,0,10,0,1,1,1,0.2,0.1667,0.44,0.4179,713,3857,4570
291,2011-10-18,Winter,0,10,0,2,1,2,0.22,0.197,0.41,0.4478,637,4111,4748
292,2011-10-19,Winter,0,10,0,3,1,3,0.22,0.197,0.41,0.3881,254,2170,2424
293,2011-10-20,Winter,0,10,0,4,1,1,0.24,0.2121,0.38,0.2985,471,3724,4195
294,2011-10-21,Winter,0,10,0,5,1,1,0.24,0.2121,0.38,0.3582,676,3628,4304
295,2011-10-22,Winter,0,10,0,6,0,1,0.2,0.1818,0.4,0.2836,1499,2809,4308
296,2011-10-23,Winter,0,10,0,0,0,1,0.2,0.1818,0.4,0.3284,1619,2762,4381
297,2011-10-24,Winter,0,10,0,1,1,1,0.16,0.1515,0.47,0.2537,699,3488,4187
298,2011-10-25,Winter,0,10,0,2,1,1,0.16,0.1515,0.47,0.2239,695,3992,4687
299,2011-10-26,Winter,0,10,0,3,1,2,0.14,0.1212,0.46,0.2985,404,3490,3894
300,2011-10-27,Winter,0,10,0,4,1,2,0.14,0.1212,0.46,0.3284,240,2419,2659
301,2011-10-28,Winter,0,10,0,5,1,2,0.12,0.1364,0.5,0.194,456,3291,3747
302,2011-10-29,Winter,0,10,0,6,0,3,0.12,0.1364,0.5,0.194,57,570,627
303,2011-10-30,Winter,0,10,0,0,0,1,0.1,0.1212,0.54,0.1642,885,2446,3331
304,2011-10-31,Winter,0,10,0,1,1,1,0.1,0.1212,0.54,0.1343,362,3307,3669
305,2011-11-01,Winter,0,11,0,2,1,1,0.1,0.1364,0.54,0.1045,410,3658,4068
306,2011-11-02,Winter,0,11,0,3,1,1,0.1,0.1364,0.54,0.0896,370,3816,4186
308,2011-11-04,Winter,0,11,0,5,1,2,0.1,0.1212,0.74,0.1642,470,3576,4046
310,2011-11-06,Winter,0,11,0,0,0,1,0.14,0.1515,0.69,0.1343,952,2697,3649
311,2011-11-07,Winter,0,11,0,1,1,1,0.18,0.1818,0.55,0.194,373,3662,4035
312,2011-11-08,Winter,0,11,0,2,1,1,0.18,0.1667,0.51,0.2836,376,3829,4205
313,2011-11-09,Winter,0,11,0,3,1,1,0.2,0.197,0.44,0.2537,305,3804,4109
314,2011-11-10,Winter,0,11,0,4,1,2,0.22,0.197,0.37,0.3881,190,2743,2933
315,2011-11-11,Winter,0,11,1,5,0,1,0.22,0.2121,0.41,0.2836,440,2928,3368
316,2011-11-12,Winter,0,11,0,6,0,1,0.24,0.2424,0.38,0.1642,1275,2792,4067
317,2011-11-13,Winter,0,11,0,0,0,1,0.22,0.2424,0.41,0.1045,1004,2713,3717
318,2011-11-14,Winter,0,11,0,1,1,1,0.22,0.2273,0.41,0.1642,595,3891,4486
320,2011-11-16,Winter,0,11,0,3,1,3,0.16,0.197,0.59,0.0896,145,1672,1817
326,2011-11-22,Winter,0,11,0,2,1,3,0.16,0.197,0.59,0.0896,69,1538,1607
327,2011-11-23,Winter,0,11,0,3,1,2,0.16,0.197,0.59,0.0896,112,2454,2566
331,2011-11-27,Winter,0,11,0,0,0,1,0.14,0.1667,0.63,0.1045,810,2261,3071
333,2011-11-29,Winter,0,11,0,2,1,2,0.14,0.1515,0.63,0.1343,96,2818,2914
334,2011-11-30,Winter,0,11,0,3,1,1,0.16,0.1818,0.64,0.1343,188,3425,3613
335,2011-12-01,Winter,0,12,0,4,1,1,0.18,0.197,0.59,0.1642,182,3545,3727
336,2011-12-02,Winter,0,12,0,5,1,1,0.2,0.197,0.55,0.2239,268,3672,3940
337,2011-12-03,Winter,0,12,0,6,0,1,0.24,0.2273,0.48,0.2239,706,2908,3614
338,2011-12-04,Winter,0,12,0,0,0,1,0.28,0.2576,0.38,0.2985,634,2851,3485
339,2011-12-05,Winter,0,12,0,1,1,2,0.3,0.2879,0.39,0.2836,233,3578,3811
340,2011-12-06,Winter,0,12,0,2,1,3,0.32,0.3182,0.36,0.194,126,2468,2594
341,2011-12-07,Winter,0,12,0,3,1,3,0.34,0.3333,0.34,0.194,50,655,705
342,2011-12-08,Winter,0,12,0,4,1,1,0.32,0.303,0.36,0.2836,150,3172,3322
343,2011-12-09,Winter,0,12,0,5,1,1,0.3,0.2879,0.45,0.2537,261,3359,3620
344,2011-12-10,Winter,0,12,0,6,0,1,0.32,0.303,0.39,0.2537,502,2688,3190
345,2011-12-11,Winter,0,12,0,0,0,1,0.32,0.303,0.39,0.2537,377,2366,2743
346,2011-12-12,Winter,0,12,0,1,1,1,0.32,0.303,0.39,0.2239,143,3167,3310
347,2011-12-13,Winter,0,12,0,2,1,1,0.3,0.3182,0.42,0.1045,155,3368,3523
348,2011-12-14,Winter,0,12,0,3,1,2,0.3,0.2879,0.45,0.2836,178,3562,3740
350,2011-12-16,Winter,0,12,0,5,1,2,0.26,0.2727,0.56,0.1343,178,3399,3577
351,2011-12-17,Winter,0,12,0,6,0,2,0.26,0.2879,0.56,0.0896,275,2464,2739
353,2011-12-19,Winter,0,12,0,1,1,1,0.26,0.2576,0.56,0.1642,260,3143,3403
354,2011-12-20,Winter,0,12,0,2,1,2,0.26,0.2576,0.56,0.1642,216,3534,3750
355,2011-12-21,Spring,0,12,0,3,1,2,0.26,0.2576,0.56,0.1642,107,2553,2660
356,2011-12-22,Spring,0,12,0,4,1,2,0.24,0.2121,0.56,0.2985,227,2841,3068
357,2011-12-23,Spring,0,12,0,5,1,1,0.22,0.2121,0.55,0.2836,163,2046,2209
358,2011-12-24,Spring,0,12,0,6,0,1,0.22,0.2121,0.51,0.2537,155,856,1011
359,2011-12-25,Spring,0,12,0,0,0,1,0.22,0.2121,0.51,0.2836,303,451,754
360,2011-12-26,Spring,0,12,1,1,0,1,0.24,0.2273,0.44,0.2537,430,887,1317
361,2011-12-27,Spring,0,12,0,2,1,2,0.24,0.2121,0.41,0.2836,103,1059,1162
362,2011-12-28,Spring,0,12,0,3,1,1,0.26,0.2273,0.35,0.2985,255,2047,2302
363,2011-12-29,Spring,0,12,0,4,1,1,0.28,0.2727,0.36,0.2537,254,2169,2423
364,2011-12-30,Spring,0,12,0,5,1,1,0.26,0.2424,0.38,0.2537,491,2508,2999
365,2011-12-31,Spring,0,12,0,6,0,1,0.24,0.2273,0.38,0.2239,665,1820,2485
366,2012-01-01,Spring,1,1,0,0,0,1,0.22,0.2121,0.37,0.2537,686,1608,2294
367,2012-01-02,Spring,1,1,1,1,0,1,0.2,0.2121,0.4,0.1642,244,1707,1951
368,2012-01-03,Spring,1,1,0,2,1,1,0.18,0.197,0.47,0.1343,89,2147,2236
369,2012-01-04,Spring,1,1,0,3,1,2,0.18,0.197,0.47,0.1642,95,2273,2368
370,2012-01-05,Spring,1,1,0,4,1,1,0.18,0.197,0.51,0.1642,140,3132,3272
371,2012-01-06,Spring,1,1,0,5,1,1,0.2,0.2121,0.49,0.1343,307,3791,4098
372,2012-01-07,Spring,1,1,0,6,0,1,0.2,0.2273,0.4,0.1045,1070,3451,4521
373,2012-01-08,Spring,1,1,0,0,0,1,0.2,0.197,0.47,0.2239,599,2826,3425
374,2012-01-09,Spring,1,1,0,1,1,2,0.2,0.197,0.44,0.194,106,2270,2376
375,2012-01-10,Spring,1,1,0,2,1,1,0.18,0.1667,0.43,0.2537,173,3425,3598
376,2012-01-11,Spring,1,1,0,3,1,2,0.18,0.1818,0.43,0.194,92,2085,2177
377,2012-01-12,Spring,1,1,0,4,1,2,0.18,0.197,0.43,0.1343,269,3828,4097
378,2012-01-13,Spring,1,1,0,5,1,1,0.18,0.197,0.43,0.1642,174,3040,3214
379,2012-01-14,Spring,1,1,0,6,0,1,0.18,0.1818,0.43,0.194,333,2160,2493
380,2012-01-15,Spring,1,1,0,0,0,1,0.16,0.1818,0.5,0.1343,284,2027,2311
381,2012-01-16,Spring,1,1,1,1,0,1,0.16,0.1515,0.47,0.2239,217,2081,2298
382,2012-01-17,Spring,1,1,0,2,1,2,0.16,0.1515,0.47,0.2239,127,2808,2935
383,2012-01-18,Spring,1,1,0,3,1,1,0.16,0.1515,0.5,0.2537,109,3267,3376
384,2012-01-19,Spring,1,1,0,4,1,1,0.16,0.1515,0.55,0.194,130,3162,3292
385,2012-01-20,Spring,1,1,0,5,1,2,0.18,0.197,0.47,0.1343,115,3048,3163
386,2012-01-21,Spring,1,1,0,6,0,2,0.18,0.197,0.47,0.1343,67,1234,1301
387,2012-01-22,Spring,1,1,0,0,0,2,0.18,0.2121,0.43,0.1045,196,1781,1977
388,2012-01-23,Spring,1,1,0,1,1,2,0.2,0.2121,0.47,0.1642,145,2287,2432
389,2012-01-24,Spring,1,1,0,2,1,1,0.2,0.2121,0.47,0.1642,439,3900,4339
390,2012-01-25,Spring,1,1,0,3,1,1,0.2,0.197,0.51,0.194,467,3803,4270
391,2012-01-26,Spring,1,1,0,4,1,2,0.18,0.1667,0.55,0.2537,244,3831,4075
392,2012-01-27,Spring,1,1,0,5,1,2,0.18,0.1818,0.59,0.194,269,3187,3456
393,2012-01-28,Spring,1,1,0,6,0,1,0.16,0.1515,0.8,0.194,775,3248,4023
394,2012-01-29,Spring,1,1,0,0,0,1,0.16,0.1515,0.8,0.194,558,2685,3243
395,2012-01-30,Spring,1,1,0,1,1,1,0.14,0.1212,0.93,0.2537,126,3498,3624
396,2012-01-31,Spring,1,1,0,2,1,1,0.16,0.1364,0.86,0.2836,324,4185,4509
397,2012-02-01,Spring,1,2,0,3,1,1,0.2,0.1818,0.86,0.3284,304,4275,4579
398,2012-02-02,Spring,1,2,0,4,1,2,0.2,0.197,0.86,0.2239,190,3571,3761
399,2012-02-03,Spring,1,2,0,5,1,1,0.22,0.2273,0.8,0.1642,310,3841,4151
400,2012-02-04,Spring,1,2,0,6,0,2,0.22,0.2273,0.87,0.1642,384,2448,2832
401,2012-02-05,Spring,1,2,0,0,0,2,0.22,0.2273,0.87,0.194,318,2629,2947
402,2012-02-06,Spring,1,2,0,1,1,1,0.22,0.2273,0.82,0.194,206,3578,3784
403,2012-02-07,Spring,1,2,0,2,1,1,0.22,0.2273,0.8,0.1642,199,4176,4375
404,2012-02-08,Spring,1,2,0,3,1,2,0.22,0.2273,0.8,0.1343,109,2693,2802
406,2012-02-10,Spring,1,2,0,5,1,2,0.22,0.2424,0.93,0.1045,227,3604,3831
407,2012-02-11,Spring,1,2,0,6,0,3,0.22,0.2576,0.93,0.0896,192,1977,2169
410,2012-02-14,Spring,1,2,0,2,1,2,0.22,0.2273,0.93,0.1343,135,3787,3922
411,2012-02-15,Spring,1,2,0,3,1,1,0.22,0.2273,0.93,0.1343,141,4028,4169
412,2012-02-16,Spring,1,2,0,4,1,2,0.22,0.2273,0.93,0.1343,74,2931,3005
413,2012-02-17,Spring,1,2,0,5,1,1,0.22,0.2576,0.93,0.0896,349,3805,4154
414,2012-02-18,Spring,1,2,0,6,0,1,0.22,0.2576,0.93,0.0896,1435,2883,4318
415,2012-02-19,Spring,1,2,0,0,0,2,0.24,0.2576,0.92,0.1045,618,2071,2689
416,2012-02-20,Spring,1,2,1,1,0,1,0.24,0.2576,0.93,0.1045,502,2627,3129
417,2012-02-21,Spring,1,2,0,2,1,1,0.24,0.2576,0.93,0.1045,163,3614,3777
418,2012-02-22,Spring,1,2,0,3,1,1,0.26,0.2727,0.93,0.1343,394,4379,4773
419,2012-02-23,Spring,1,2,0,4,1,1,0.28,0.303,0.87,0.0896,516,4546,5062
420,2012-02-24,Spring,1,2,0,5,1,2,0.3,0.3182,0.81,0.0896,246,3241,3487
425,2012-02-29,Spring,1,2,0,3,1,2,0.36,0.3333,0.57,0.3284,65,1769,1834
426,2012-03-01,Spring,1,3,0,4,1,1,0.34,0.3182,0.61,0.2836,325,4665,4990
427,2012-03-02,Spring,1,3,0,5,1,2,0.32,0.2879,0.57,0.4179,246,2948,3194
428,2012-03-03,Spring,1,3,0,6,0,2,0.32,0.303,0.49,0.2985,956,3110,4066
429,2012-03-04,Spring,1,3,0,0,0,1,0.32,0.2879,0.49,0.4179,710,2713,3423
430,2012-03-05,Spring,1,3,0,1,1,1,0.3,0.303,0.52,0.1642,203,3130,3333
431,2012-03-06,Spring,1,3,0,2,1,1,0.3,0.2727,0.52,0.4627,221,3735,3956
432,2012-03-07,Spring,1,3,0,3,1,1,0.26,0.2273,0.56,0.3881,432,4484,4916
435,2012-03-10,Spring,1,3,0,6,0,1,0.26,0.2576,0.56,0.1642,968,3150,4118
436,2012-03-11,Spring,1,3,0,0,0,1,0.26,0.2576,0.56,0.1642,1658,3253,4911
437,2012-03-12,Spring,1,3,0,1,1,1,0.24,0.2273,0.6,0.2239,838,4460,5298
438,2012-03-13,Spring,1,3,0,2,1,1,0.22,0.2121,0.6,0.2239,762,5085,5847
439,2012-03-14,Spring,1,3,0,3,1,1,0.22,0.2121,0.55,0.2239,997,5315,6312
440,2012-03-15,Spring,1,3,0,4,1,1,0.22,0.2121,0.55,0.2836,1005,5187,6192
441,2012-03-16,Spring,1,3,0,5,1,2,0.24,0.2273,0.52,0.2239,548,3830,4378
442,2012-03-17,Spring,1,3,0,6,0,2,0.26,0.2273,0.48,0.2985,3155,4681,7836
443,2012-03-18,Spring,1,3,0,0,0,2,0.28,0.2727,0.45,0.1642,2207,3685,5892
445,2012-03-20,Spring,1,3,0,2,1,1,0.28,0.2879,0.45,0.1045,1051,5042,6093
446,2012-03-21,Summer,1,3,0,3,1,2,0.3,0.303,0.45,0.1343,1122,5108,6230
447,2012-03-22,Summer,1,3,0,4,1,1,0.32,0.3182,0.45,0.194,1334,5537,6871
448,2012-03-23,Summer,1,3,0,5,1,2,0.3,0.303,0.49,0.1343,2469,5893,8362
449,2012-03-24,Summer,1,3,0,6,0,2,0.3,0.3182,0.49,0.1045,1033,2339,3372
450,2012-03-25,Summer,1,3,0,0,0,2,0.26,0.2576,0.56,0.194,1532,3464,4996
451,2012-03-26,Summer,1,3,0,1,1,1,0.26,0.2273,0.56,0.3284,795,4763,5558
452,2012-03-27,Summer,1,3,0,2,1,1,0.26,0.2424,0.6,0.2836,531,4571,5102
453,2012-03-28,Summer,1,3,0,3,1,1,0.24,0.2273,0.6,0.2537,674,5024,5698
454,2012-03-29,Summer,1,3,0,4,1,1,0.24,0.2121,0.65,0.2836,834,5299,6133
455,2012-03-30,Summer,1,3,0,5,1,2,0.24,0.2121,0.65,0.3284,796,4663,5459
456,2012-03-31,Summer,1,3,0,6,0,2,0.24,0.2273,0.7,0.2537,2301,3934,6235
457,2012-04-01,Summer,1,4,0,0,0,2,0.24,0.2273,0.7,0.2537,2347,3694,6041
458,2012-04-02,Summer,1,4,0,1,1,1,0.24,0.2424,0.75,0.1642,1208,4728,5936
459,2012-04-03,Summer,1,4,0,2,1,1,0.22,0.2121,0.8,0.2985,1348,5424,6772
460,2012-04-04,Summer,1,4,0,3,1,1,0.22,0.2576,0.87,0.0896,1058,5378,6436
461,2012-04-05,Summer,1,4,0,4,1,1,0.24,0.197,0.6,0.4179,1192,5265,6457
462,2012-04-06,Summer,1,4,0,5,1,1,0.22,0.2121,0.55,0.2537,1807,4653,6460
463,2012-04-07,Summer,1,4,0,6,0,1,0.2,0.1818,0.51,0.2836,3252,3605,6857
464,2012-04-08,Summer,1,4,0,0,0,1,0.2,0.1818,0.47,0.3284,2230,2939,5169
465,2012-04-09,Summer,1,4,0,1,1,1,0.2,0.1818,0.51,0.3582,905,4680,5585
466,2012-04-10,Summer,1,4,0,2,1,1,0.2,0.1667,0.47,0.4627,819,5099,5918
467,2012-04-11,Summer,1,4,0,3,1,1,0.22,0.1818,0.41,0.4627,482,4380,4862
471,2012-04-15,Summer,1,4,0,0,0,1,0.16,0.1212,0.26,0.4478,2846,4286,7132
472,2012-04-16,Summer,1,4,1,1,0,1,0.16,0.1364,0.26,0.3582,1198,5172,6370
473,2012-04-17,Summer,1,4,0,2,1,1,0.14,0.1212,0.28,0.3582,989,5702,6691
474,2012-04-18,Summer,1,4,0,3,1,2,0.12,0.1212,0.3,0.2537,347,4020,4367
475,2012-04-19,Summer,1,4,0,4,1,1,0.12,0.1061,0.3,0.3284,846,5719,6565
476,2012-04-20,Summer,1,4,0,5,1,1,0.1,0.0758,0.33,0.4179,1340,5950,7290
477,2012-04-21,Summer,1,4,0,6,0,1,0.08,0.0758,0.38,0.2836,2541,4083,6624
479,2012-04-23,Summer,1,4,0,1,1,2,0.06,0.0455,0.38,0.3284,195,3019,3214
490,2012-05-04,Summer,1,5,0,5,1,1,0.06,0.0758,0.38,0.1343,1069,5227,6296
491,2012-05-05,Summer,1,5,0,6,0,2,0.06,0.1061,0.38,0.1045,2496,4387,6883
493,2012-05-07,Summer,1,5,0,1,1,2,0.1,0.1364,0.33,0.1045,1008,5265,6273
495,2012-05-09,Summer,1,5,0,3,1,2,0.12,0.1364,0.28,0.194,620,4097,4717
497,2012-05-11,Summer,1,5,0,5,1,1,0.08,0.0909,0.35,0.194,1319,5711,7030
498,2012-05-12,Summer,1,5,0,6,0,1,0.08,0.1061,0.35,0.1343,2622,4807,7429
499,2012-05-13,Summer,1,5,0,0,0,1,0.06,0.0758,0.45,0.1642,2172,3946,6118
500,2012-05-14,Summer,1,5,0,1,1,2,0.06,0.1061,0.41,0.0896,342,2501,2843
509,2012-05-23,Summer,1,5,0,3,1,2,0.08,0.1061,0.58,0.1642,766,4494,5260
510,2012-05-24,Summer,1,5,0,4,1,1,0.06,0.0758,0.62,0.1642,1059,5711,6770
511,2012-05-25,Summer,1,5,0,5,1,1,0.1,0.0758,0.54,0.3582,1417,5317,6734
512,2012-05-26,Summer,1,5,0,6,0,1,0.14,0.1061,0.46,0.3881,2855,3681,6536
513,2012-05-27,Summer,1,5,0,0,0,1,0.14,0.1364,0.43,0.2239,3283,3308,6591
514,2012-05-28,Summer,1,5,1,1,0,1,0.16,0.1212,0.37,0.4627,2557,3486,6043
515,2012-05-29,Summer,1,5,0,2,1,1,0.14,0.1061,0.33,0.3881,880,4863,5743
516,2012-05-30,Summer,1,5,0,3,1,2,0.16,0.1364,0.28,0.3582,745,6110,6855
517,2012-05-31,Summer,1,5,0,4,1,1,0.16,0.1364,0.28,0.3582,1100,6238,7338
518,2012-06-01,Summer,1,6,0,5,1,2,0.16,0.1364,0.26,0.3284,533,3594,4127
519,2012-06-02,Summer,1,6,0,6,0,1,0.14,0.1061,0.26,0.3881,2795,5325,8120
520,2012-06-03,Summer,1,6,0,0,0,1,0.12,0.1212,0.3,0.2537,2494,5147,7641
521,2012-06-04,Summer,1,6,0,1,1,1,0.12,0.1212,0.3,0.2836,1071,5927,6998
522,2012-06-05,Summer,1,6,0,2,1,2,0.1,0.1061,0.36,0.2537,968,6033,7001
523,2012-06-06,Summer,1,6,0,3,1,1,0.1,0.1061,0.36,0.194,1027,6028,7055
524,2012-06-07,Summer,1,6,0,4,1,1,0.08,0.0909,0.38,0.194,1038,6456,7494
525,2012-06-08,Summer,1,6,0,5,1,1,0.06,0.0606,0.41,0.2239,1488,6248,7736
526,2012-06-09,Summer,1,6,0,6,0,1,0.06,0.0606,0.41,0.194,2708,4790,7498
536,2012-06-19,Summer,1,6,0,2,1,1,0.1,0.1212,0.46,0.1343,968,5857,6825
537,2012-06-20,Summer,1,6,0,3,1,1,0.12,0.1364,0.42,0.194,872,5339,6211
538,2012-06-21,Fall,1,6,0,4,1,1,0.14,0.1364,0.43,0.2239,778,5127,5905
539,2012-06-22,Fall,1,6,0,5,1,1,0.14,0.1364,0.46,0.2239,964,4859,5823
540,2012-06-23,Fall,1,6,0,6,0,1,0.16,0.1667,0.4,0.1642,2657,4801,7458
541,2012-06-24,Fall,1,6,0,0,0,1,0.16,0.1515,0.47,0.2537,2551,4340,6891
542,2012-06-25,Fall,1,6,0,1,1,1,0.14,0.1212,0.5,0.2537,1139,5640,6779
543,2012-06-26,Fall,1,6,0,2,1,1,0.14,0.1364,0.59,0.194,1077,6365,7442
544,2012-06-27,Fall,1,6,0,3,1,1,0.14,0.1515,0.54,0.1642,1077,6258,7335
545,2012-06-28,Fall,1,6,0,4,1,1,0.14,0.1364,0.59,0.194,921,5958,6879
546,2012-06-29,Fall,1,6,0,5,1,1,0.14,0.1515,0.63,0.1642,829,4634,5463
547,2012-06-30,Fall,1,6,0,6,0,1,0.14,0.1364,0.63,0.2239,1455,4232,5687
548,2012-07-01,Fall,1,7,0,0,0,1,0.16,0.1515,0.64,0.2537,1421,4110,5531
549,2012-07-02,Fall,1,7,0,1,1,1,0.16,0.1364,0.69,0.2836,904,5323,6227
550,2012-07-03,Fall,1,7,0,2,1,1,0.16,0.1667,0.69,0.1642,1052,5608,6660
551,2012-07-04,Fall,1,7,1,3,0,1,0.16,0.1515,0.69,0.2239,2562,4841,7403
552,2012-07-05,Fall,1,7,0,4,1,1,0.14,0.1667,0.74,0.1045,1405,4836,6241
553,2012-07-06,Fall,1,7,0,5,1,1,0.14,0.1364,0.74,0.2239,1366,4841,6207
554,2012-07-07,Fall,1,7,0,6,0,1,0.16,0.1818,0.74,0.1045,1448,3392,4840
555,2012-07-08,Fall,1,7,0,0,0,1,0.16,0.1515,0.74,0.2239,1203,3469,4672
556,2012-07-09,Fall,1,7,0,1,1,2,0.16,0.1818,0.74,0.1343,998,5571,6569
557,2012-07-10,Fall,1,7,0,2,1,2,0.2,0.2273,0.64,0.0896,954,5336,6290
558,2012-07-11,Fall,1,7,0,3,1,1,0.22,0.2424,0.6,0.1045,975,6289,7264
559,2012-07-12,Fall,1,7,0,4,1,1,0.24,0.2424,0.6,0.1343,1032,6414,7446
560,2012-07-13,Fall,1,7,0,5,1,2,0.26,0.2879,0.56,0.0896,1511,5988,7499
561,2012-07-14,Fall,1,7,0,6,0,2,0.26,0.2727,0.56,0.1343,2355,4614,6969
566,2012-07-19,Fall,1,7,0,4,1,1,0.3,0.3182,0.49,0.0896,888,5703,6591
567,2012-07-20,Fall,1,7,0,5,1,2,0.26,0.2576,0.65,0.1642,747,5123,5870
568,2012-07-21,Fall,1,7,0,6,0,3,0.24,0.2273,0.65,0.194,1264,3195,4459
569,2012-07-22,Fall,1,7,0,0,0,2,0.24,0.2273,0.65,0.194,2544,4866,7410
570,2012-07-23,Fall,1,7,0,1,1,1,0.22,0.2273,0.64,0.1642,1135,5831,6966
571,2012-07-24,Fall,1,7,0,2,1,1,0.22,0.2273,0.64,0.1642,1140,6452,7592
572,2012-07-25,Fall,1,7,0,3,1,1,0.22,0.2273,0.69,0.1343,1383,6790,8173
573,2012-07-26,Fall,1,7,0,4,1,1,0.24,0.2424,0.65,0.1343,1036,5825,6861
574,2012-07-27,Fall,1,7,0,5,1,1,0.22,0.2273,0.69,0.194,1259,5645,6904
575,2012-07-28,Fall,1,7,0,6,0,1,0.2,0.1818,0.86,0.2836,2234,4451,6685
576,2012-07-29,Fall,1,7,0,0,0,1,0.2,0.1818,0.86,0.2836,2153,4444,6597
577,2012-07-30,Fall,1,7,0,1,1,1,0.22,0.2121,0.87,0.2985,1040,6065,7105
578,2012-07-31,Fall,1,7,0,2,1,1,0.22,0.2121,0.87,0.2985,968,6248,7216
579,2012-08-01,Fall,1,8,0,3,1,1,0.22,0.2121,0.87,0.2985,1074,6506,7580
580,2012-08-02,Fall,1,8,0,4,1,1,0.22,0.2121,0.93,0.2836,983,6278,7261
581,2012-08-03,Fall,1,8,0,5,1,2,0.22,0.197,0.93,0.3284,1328,5847,7175
582,2012-08-04,Fall,1,8,0,6,0,1,0.22,0.197,0.93,0.3284,2345,4479,6824
583,2012-08-05,Fall,1,8,0,0,0,1,0.22,0.197,0.93,0.3284,1707,3757,5464
584,2012-08-06,Fall,1,8,0,1,1,2,0.22,0.197,0.93,0.3582,1233,5780,7013
585,2012-08-07,Fall,1,8,0,2,1,2,0.22,0.1818,0.93,0.4627,1278,5995,7273
586,2012-08-08,Fall,1,8,0,3,1,2,0.22,0.197,0.93,0.3284,1263,6271,7534
587,2012-08-09,Fall,1,8,0,4,1,1,0.2,0.1818,0.93,0.3582,1196,6090,7286
588,2012-08-10,Fall,1,8,0,5,1,2,0.22,0.2273,0.55,0.194,1065,4721,5786
589,2012-08-11,Fall,1,8,0,6,0,2,0.22,0.2424,0.55,0.1045,2247,4052,6299
590,2012-08-12,Fall,1,8,0,0,0,1,0.2,0.2273,0.69,0.0896,2182,4362,6544
591,2012-08-13,Fall,1,8,0,1,1,1,0.2,0.2273,0.69,0.0896,1207,5676,6883
592,2012-08-14,Fall,1,8,0,2,1,1,0.18,0.2121,0.74,0.0896,1128,5656,6784
593,2012-08-15,Fall,1,8,0,3,1,1,0.18,0.2121,0.74,0.0896,1198,6149,7347
594,2012-08-16,Fall,1,8,0,4,1,1,0.18,0.2121,0.74,0.0896,1338,6267,7605
595,2012-08-17,Fall,1,8,0,5,1,1,0.18,0.197,0.8,0.1642,1483,5665,7148
596,2012-08-18,Fall,1,8,0,6,0,1,0.2,0.2121,0.75,0.1343,2827,5038,7865
597,2012-08-19,Fall,1,8,0,0,0,2,0.2,0.2121,0.75,0.1343,1208,3341,4549
598,2012-08-20,Fall,1,8,0,1,1,2,0.2,0.2121,0.75,0.1642,1026,5504,6530
599,2012-08-21,Fall,1,8,0,2,1,1,0.2,0.2273,0.75,0.1045,1081,5925,7006
600,2012-08-22,Fall,1,8,0,3,1,1,0.18,0.2121,0.8,0.1045,1094,6281,7375
601,2012-08-23,Fall,1,8,0,4,1,1,0.18,0.197,0.8,0.1343,1363,6402,7765
602,2012-08-24,Fall,1,8,0,5,1,2,0.16,0.197,0.86,0.0896,1325,6257,7582
603,2012-08-25,Fall,1,8,0,6,0,2,0.16,0.197,0.86,0.0896,1829,4224,6053
604,2012-08-26,Fall,1,8,0,0,0,2,0.18,0.2121,0.86,0.0896,1483,3772,5255
605,2012-08-27,Fall,1,8,0,1,1,1,0.18,0.2121,0.86,0.1045,989,5928,6917
606,2012-08-28,Fall,1,8,0,2,1,1,0.18,0.2121,0.93,0.1045,935,6105,7040
607,2012-08-29,Fall,1,8,0,3,1,1,0.18,0.2121,0.93,0.1045,1177,6520,7697
608,2012-08-30,Fall,1,8,0,4,1,1,0.18,0.2121,0.93,0.1045,1172,6541,7713
612,2012-09-03,Fall,1,9,1,1,0,1,0.24,0.2424,0.75,0.1343,1965,4069,6034
613,2012-09-04,Fall,1,9,0,2,1,1,0.24,0.2273,0.75,0.194,867,5997,6864
614,2012-09-05,Fall,1,9,0,3,1,1,0.24,0.2424,0.75,0.1343,832,6280,7112
615,2012-09-06,Fall,1,9,0,4,1,2,0.24,0.2273,0.7,0.194,611,5592,6203
616,2012-09-07,Fall,1,9,0,5,1,1,0.22,0.2273,0.75,0.1343,1045,6459,7504
617,2012-09-08,Fall,1,9,0,6,0,2,0.24,0.2121,0.65,0.3582,1557,4419,5976
618,2012-09-09,Fall,1,9,0,0,0,1,0.24,0.2273,0.6,0.2239,2570,5657,8227
619,2012-09-10,Fall,1,9,0,1,1,1,0.22,0.197,0.64,0.3582,1118,6407,7525
620,2012-09-11,Fall,1,9,0,2,1,1,0.22,0.2273,0.64,0.194,1070,6697,7767
621,2012-09-12,Fall,1,9,0,3,1,1,0.22,0.2273,0.64,0.1642,1050,6820,7870
622,2012-09-13,Fall,1,9,0,4,1,1,0.2,0.2121,0.64,0.1343,1054,6750,7804
623,2012-09-14,Fall,1,9,0,5,1,1,0.16,0.1818,0.69,0.1045,1379,6630,8009
624,2012-09-15,Fall,1,9,0,6,0,1,0.16,0.1818,0.64,0.1343,3160,5554,8714
625,2012-09-16,Fall,1,9,0,0,0,1,0.16,0.1818,0.59,0.1045,2166,5167,7333
626,2012-09-17,Fall,1,9,0,1,1,2,0.18,0.197,0.55,0.1642,1022,5847,6869
627,2012-09-18,Fall,1,9,0,2,1,2,0.18,0.2121,0.59,0.0896,371,3702,4073
628,2012-09-19,Fall,1,9,0,3,1,1,0.18,0.2121,0.64,0.1045,788,6803,7591
629,2012-09-20,Fall,1,9,0,4,1,1,0.18,0.197,0.64,0.1343,939,6781,7720
630,2012-09-21,Fall,1,9,0,5,1,1,0.2,0.197,0.59,0.194,1250,6917,8167
631,2012-09-22,Fall,1,9,0,6,0,1,0.22,0.2273,0.55,0.1642,2512,5883,8395
632,2012-09-23,Winter,1,9,0,0,0,1,0.22,0.2273,0.6,0.1343,2454,5453,7907
633,2012-09-24,Winter,1,9,0,1,1,1,0.22,0.2121,0.69,0.2537,1001,6435,7436
634,2012-09-25,Winter,1,9,0,2,1,1,0.24,0.2424,0.6,0.1642,845,6693,7538
636,2012-09-27,Winter,1,9,0,4,1,2,0.22,0.2273,0.69,0.1343,751,6642,7393
637,2012-09-28,Winter,1,9,0,5,1,2,0.22,0.2121,0.69,0.2537,1045,6370,7415
638,2012-09-29,Winter,1,9,0,6,0,1,0.18,0.2121,0.74,0.0896,2589,5966,8555
639,2012-09-30,Winter,1,9,0,0,0,1,0.18,0.2121,0.74,0.0896,2015,4874,6889
640,2012-10-01,Winter,1,10,0,1,1,2,0.16,0.197,0.8,0.0896,763,6015,6778
641,2012-10-02,Winter,1,10,0,2,1,3,0.16,0.197,0.8,0.0896,315,4324,4639
642,2012-10-03,Winter,1,10,0,3,1,2,0.16,0.1818,0.8,0.1045,728,6844,7572
653,2012-10-14,Winter,1,10,0,0,0,1,0.3,0.3182,0.52,0.1045,2080,4559,6639
654,2012-10-15,Winter,1,10,0,1,1,2,0.28,0.2879,0.61,0.1045,760,5115,5875
655,2012-10-16,Winter,1,10,0,2,1,1,0.28,0.303,0.61,0.0896,922,6612,7534
658,2012-10-19,Winter,1,10,0,5,1,2,0.3,0.2879,0.56,0.194,753,4671,5424
659,2012-10-20,Winter,1,10,0,6,0,1,0.26,0.2576,0.65,0.1642,2806,5284,8090
660,2012-10-21,Winter,1,10,0,0,0,1,0.26,0.2576,0.65,0.194,2132,4692,6824
661,2012-10-22,Winter,1,10,0,1,1,1,0.26,0.2727,0.65,0.1045,830,6228,7058
662,2012-10-23,Winter,1,10,0,2,1,1,0.24,0.2424,0.7,0.1642,841,6625,7466
663,2012-10-24,Winter,1,10,0,3,1,1,0.24,0.2273,0.7,0.194,795,6898,7693
664,2012-10-25,Winter,1,10,0,4,1,2,0.24,0.2121,0.65,0.2836,875,6484,7359
665,2012-10-26,Winter,1,10,0,5,1,2,0.24,0.2273,0.65,0.2239,1182,6262,7444
666,2012-10-27,Winter,1,10,0,6,0,2,0.22,0.2121,0.64,0.2537,2643,5209,7852
667,2012-10-28,Winter,1,10,0,0,0,2,0.22,0.2273,0.64,0.194,998,3461,4459
668,2012-10-29,Winter,1,10,0,1,1,3,0.22,0.2273,0.64,0.194,2,20,22
669,2012-10-30,Winter,1,10,0,2,1,2,0.2,0.197,0.59,0.2239,87,1009,1096
670,2012-10-31,Winter,1,10,0,3,1,2,0.18,0.1667,0.64,0.2836,419,5147,5566
671,2012-11-01,Winter,1,11,0,4,1,2,0.16,0.1364,0.69,0.3284,466,5520,5986
672,2012-11-02,Winter,1,11,0,5,1,1,0.16,0.1364,0.64,0.2836,618,5229,5847
673,2012-11-03,Winter,1,11,0,6,0,2,0.16,0.1364,0.59,0.2836,1029,4109,5138
674,2012-11-04,Winter,1,11,0,0,0,1,0.16,0.1364,0.59,0.2985,1201,3906,5107
675,2012-11-05,Winter,1,11,0,1,1,1,0.16,0.1515,0.59,0.194,378,4881,5259
676,2012-11-06,Winter,1,11,0,2,1,1,0.16,0.1515,0.59,0.194,466,5220,5686
677,2012-11-07,Winter,1,11,0,3,1,2,0.18,0.2121,0.55,0.1045,326,4709,5035
679,2012-11-09,Winter,1,11,0,5,1,1,0.18,0.197,0.55,0.1343,709,5283,5992
680,2012-11-10,Winter,1,11,0,6,0,1,0.16,0.1818,0.59,0.1343,2090,4446,6536
681,2012-11-11,Winter,1,11,0,0,0,1,0.16,0.1818,0.56,0.194,2290,4562,6852
682,2012-11-12,Winter,1,11,1,1,0,1,0.16,0.1515,0.59,0.194,1097,5172,6269
683,2012-11-13,Winter,1,11,0,2,1,2,0.16,0.1515,0.55,0.2239,327,3767,4094
684,2012-11-14,Winter,1,11,0,3,1,1,0.3,0.3182,0.61,0.1045,373,5122,5495
685,2012-11-15,Winter,1,11,0,4,1,2,0.16,0.1667,0.59,0.1642,320,5125,5445
686,2012-11-16,Winter,1,11,0,5,1,1,0.16,0.197,0.59,0.0896,484,5214,5698
687,2012-11-17,Winter,1,11,0,6,0,1,0.16,0.1818,0.59,0.1045,1313,4316,5629
688,2012-11-18,Winter,1,11,0,0,0,1,0.16,0.197,0.64,0.0896,922,3747,4669
689,2012-11-19,Winter,1,11,0,1,1,2,0.16,0.1818,0.64,0.1045,449,5050,5499
690,2012-11-20,Winter,1,11,0,2,1,2,0.16,0.1818,0.69,0.1045,534,5100,5634
702,2012-12-02,Winter,1,12,0,0,0,2,0.22,0.2576,0.8,0.0896,892,3757,4649
704,2012-12-04,Winter,1,12,0,2,1,1,0.24,0.2424,0.75,0.1343,551,6055,6606
706,2012-12-06,Winter,1,12,0,4,1,1,0.24,0.2576,0.81,0.1045,340,5035,5375
707,2012-12-07,Winter,1,12,0,5,1,2,0.24,0.2424,0.81,0.1343,349,4659,5008
708,2012-12-08,Winter,1,12,0,6,0,2,0.22,0.2273,0.87,0.1343,1153,4429,5582
709,2012-12-09,Winter,1,12,0,0,0,2,0.22,0.2273,0.87,0.1343,441,2787,3228
710,2012-12-10,Winter,1,12,0,1,1,2,0.22,0.2576,0.87,0.0896,329,4841,5170
711,2012-12-11,Winter,1,12,0,2,1,2,0.2,0.197,0.93,0.194,282,5219,5501
712,2012-12-12,Winter,1,12,0,3,1,2,0.22,0.2424,0.93,0.1045,310,5009,5319
713,2012-12-13,Winter,1,12,0,4,1,1,0.22,0.2273,0.93,0.194,425,5107,5532
714,2012-12-14,Winter,1,12,0,5,1,1,0.22,0.2273,0.93,0.1343,429,5182,5611
715,2012-12-15,Winter,1,12,0,6,0,1,0.22,0.2273,0.93,0.1343,767,4280,5047
716,2012-12-16,Winter,1,12,0,0,0,2,0.22,0.2121,0.93,0.2836,538,3248,3786
717,2012-12-17,Winter,1,12,0,1,1,2,0.22,0.2424,0.93,0.1045,212,4373,4585
718,2012-12-18,Winter,1,12,0,2,1,1,0.22,0.2424,0.93,0.1045,433,5124,5557
719,2012-12-19,Winter,1,12,0,3,1,1,0.22,0.2121,0.93,0.2239,333,4934,5267
720,2012-12-20,Winter,1,12,0,4,1,2,0.22,0.2121,0.93,0.2239,314,3814,4128
721,2012-12-21,Spring,1,12,0,5,1,2,0.24,0.2576,0.93,0.0896,221,3402,3623
723,2012-12-23,Spring,1,12,0,0,0,1,0.24,0.2273,0.93,0.194,408,1379,1787
724,2012-12-24,Spring,1,12,0,1,1,2,0.24,0.2273,0.93,0.2239,174,746,920
725,2012-12-25,Spring,1,12,1,2,0,2,0.34,0.3333,0.93,0.1642,440,573,1013
728,2012-12-28,Spring,1,12,0,5,1,2,0.36,0.3333,0.71,0.2985,644,2451,3095
731,2012-12-31,Spring,1,12,0,1,1,2,0.28,0.2424,0.45,0.4925,439,2290,2729
